"filename", "language", "YAML", "Markdown", "JSON", "CSS", "Go", "Go Checksum File", "MS SQL", "Go Module File", "GDResource", "GDScript", "GDScene", "Properties", "XML", "gdshader", "JavaScript", "comment", "blank", "total"
"/home/arian/w/real-deal/master-card/CardVault/.obsidian/app.json", "JSON", 0, 0, 4, 0, 0, 0, 0, 0, 0, 0, 0, 0, 0, 0, 0, 0, 0, 4
"/home/arian/w/real-deal/master-card/CardVault/.obsidian/appearance.json", "JSON", 0, 0, 1, 0, 0, 0, 0, 0, 0, 0, 0, 0, 0, 0, 0, 0, 0, 1
"/home/arian/w/real-deal/master-card/CardVault/.obsidian/backlink.json", "JSON", 0, 0, 3, 0, 0, 0, 0, 0, 0, 0, 0, 0, 0, 0, 0, 0, 0, 3
"/home/arian/w/real-deal/master-card/CardVault/.obsidian/community-plugins.json", "JSON", 0, 0, 4, 0, 0, 0, 0, 0, 0, 0, 0, 0, 0, 0, 0, 0, 0, 4
"/home/arian/w/real-deal/master-card/CardVault/.obsidian/core-plugins.json", "JSON", 0, 0, 31, 0, 0, 0, 0, 0, 0, 0, 0, 0, 0, 0, 0, 0, 0, 31
"/home/arian/w/real-deal/master-card/CardVault/.obsidian/graph.json", "JSON", 0, 0, 22, 0, 0, 0, 0, 0, 0, 0, 0, 0, 0, 0, 0, 0, 0, 22
"/home/arian/w/real-deal/master-card/CardVault/.obsidian/hotkeys.json", "JSON", 0, 0, 16, 0, 0, 0, 0, 0, 0, 0, 0, 0, 0, 0, 0, 0, 0, 16
"/home/arian/w/real-deal/master-card/CardVault/.obsidian/plugins/obsidian-excalidraw-plugin/data.json", "JSON", 0, 0, 11491, 0, 0, 0, 0, 0, 0, 0, 0, 0, 0, 0, 0, 0, 0, 11491
"/home/arian/w/real-deal/master-card/CardVault/.obsidian/plugins/obsidian-excalidraw-plugin/main.js", "JavaScript", 0, 0, 0, 0, 0, 0, 0, 0, 0, 0, 0, 0, 0, 0, 8, 1, 1, 10
"/home/arian/w/real-deal/master-card/CardVault/.obsidian/plugins/obsidian-excalidraw-plugin/manifest.json", "JSON", 0, 0, 12, 0, 0, 0, 0, 0, 0, 0, 0, 0, 0, 0, 0, 0, 1, 13
"/home/arian/w/real-deal/master-card/CardVault/.obsidian/plugins/obsidian-excalidraw-plugin/styles.css", "CSS", 0, 0, 0, 1, 0, 0, 0, 0, 0, 0, 0, 0, 0, 0, 0, 0, 0, 1
"/home/arian/w/real-deal/master-card/CardVault/.obsidian/plugins/obsidian-tasks-plugin/main.js", "JavaScript", 0, 0, 0, 0, 0, 0, 0, 0, 0, 0, 0, 0, 0, 0, 209, 156, 51, 416
"/home/arian/w/real-deal/master-card/CardVault/.obsidian/plugins/obsidian-tasks-plugin/manifest.json", "JSON", 0, 0, 12, 0, 0, 0, 0, 0, 0, 0, 0, 0, 0, 0, 0, 0, 1, 13
"/home/arian/w/real-deal/master-card/CardVault/.obsidian/plugins/obsidian-tasks-plugin/styles.css", "CSS", 0, 0, 0, 1, 0, 0, 0, 0, 0, 0, 0, 0, 0, 0, 0, 0, 1, 2
"/home/arian/w/real-deal/master-card/CardVault/.obsidian/templates.json", "JSON", 0, 0, 3, 0, 0, 0, 0, 0, 0, 0, 0, 0, 0, 0, 0, 0, 0, 3
"/home/arian/w/real-deal/master-card/CardVault/.obsidian/types.json", "JSON", 0, 0, 27, 0, 0, 0, 0, 0, 0, 0, 0, 0, 0, 0, 0, 0, 0, 27
"/home/arian/w/real-deal/master-card/CardVault/.obsidian/workspace.json", "JSON", 0, 0, 224, 0, 0, 0, 0, 0, 0, 0, 0, 0, 0, 0, 0, 0, 0, 224
"/home/arian/w/real-deal/master-card/CardVault/2 - Source Materials/Articles/Making a turn-based multiplayer game in Rust.md", "Markdown", 0, 43, 0, 0, 0, 0, 0, 0, 0, 0, 0, 0, 0, 0, 0, 0, 19, 62
"/home/arian/w/real-deal/master-card/CardVault/2 - Source Materials/Videos/Obsidian The King of Learning Tools.md", "Markdown", 0, 11, 0, 0, 0, 0, 0, 0, 0, 0, 0, 0, 0, 0, 0, 0, 8, 19
"/home/arian/w/real-deal/master-card/CardVault/3 - Tags/obsidian.md", "Markdown", 0, 0, 0, 0, 0, 0, 0, 0, 0, 0, 0, 0, 0, 0, 0, 0, 1, 1
"/home/arian/w/real-deal/master-card/CardVault/3 - Tags/organize.md", "Markdown", 0, 0, 0, 0, 0, 0, 0, 0, 0, 0, 0, 0, 0, 0, 0, 0, 1, 1
"/home/arian/w/real-deal/master-card/CardVault/5 - Templates/Full Note.md", "Markdown", 0, 5, 0, 0, 0, 0, 0, 0, 0, 0, 0, 0, 0, 0, 0, 0, 6, 11
"/home/arian/w/real-deal/master-card/CardVault/6 - Main Notes/How to use Obsidian.md", "Markdown", 0, 6, 0, 0, 0, 0, 0, 0, 0, 0, 0, 0, 0, 0, 0, 0, 8, 14
"/home/arian/w/real-deal/master-card/CardVault/6 - Main Notes/Static Godot.md", "Markdown", 0, 0, 0, 0, 0, 0, 0, 0, 0, 0, 0, 0, 0, 0, 0, 0, 1, 1
"/home/arian/w/real-deal/master-card/CardVault/6 - Main Notes/card-game.md", "Markdown", 0, 0, 0, 0, 0, 0, 0, 0, 0, 0, 0, 0, 0, 0, 0, 0, 1, 1
"/home/arian/w/real-deal/master-card/CardVault/6 - Main Notes/multiplayer.md", "Markdown", 0, 0, 0, 0, 0, 0, 0, 0, 0, 0, 0, 0, 0, 0, 0, 0, 1, 1
"/home/arian/w/real-deal/master-card/CardVault/6 - Main Notes/online tic-toc-toe.md", "Markdown", 0, 7, 0, 0, 0, 0, 0, 0, 0, 0, 0, 0, 0, 0, 0, 0, 2, 9
"/home/arian/w/real-deal/master-card/CardVault/6 - Main Notes/turn based game.md", "Markdown", 0, 5, 0, 0, 0, 0, 0, 0, 0, 0, 0, 0, 0, 0, 0, 0, 7, 12
"/home/arian/w/real-deal/master-card/CardVault/CardGame/Authentication.md", "Markdown", 0, 9, 0, 0, 0, 0, 0, 0, 0, 0, 0, 0, 0, 0, 0, 0, 9, 18
"/home/arian/w/real-deal/master-card/CardVault/CardGame/Game Flow Chart.md", "Markdown", 0, 489, 0, 0, 0, 0, 0, 0, 0, 0, 0, 0, 0, 0, 0, 0, 476, 965
"/home/arian/w/real-deal/master-card/CardVault/CardGame/Self Notes.md", "Markdown", 0, 4, 0, 0, 0, 0, 0, 0, 0, 0, 0, 0, 0, 0, 0, 0, 0, 4
"/home/arian/w/real-deal/master-card/CardVault/CardGame/TO DO Card.md", "Markdown", 0, 13, 0, 0, 0, 0, 0, 0, 0, 0, 0, 0, 0, 0, 0, 0, 5, 18
"/home/arian/w/real-deal/master-card/CardVault/CardGame/V 1.0.0.md", "Markdown", 0, 104, 0, 0, 0, 0, 0, 0, 0, 0, 0, 0, 0, 0, 0, 0, 13, 117
"/home/arian/w/real-deal/master-card/CardVault/CardGame/Version.md", "Markdown", 0, 10, 0, 0, 0, 0, 0, 0, 0, 0, 0, 0, 0, 0, 0, 0, 6, 16
"/home/arian/w/real-deal/master-card/README.md", "Markdown", 0, 30, 0, 0, 0, 0, 0, 0, 0, 0, 0, 0, 0, 0, 0, 0, 8, 38
"/home/arian/w/real-deal/master-card/Taskfile.yml", "YAML", 67, 0, 0, 0, 0, 0, 0, 0, 0, 0, 0, 0, 0, 0, 0, 0, 14, 81
"/home/arian/w/real-deal/master-card/backend/cmd/hokm4/botplay.go", "Go", 0, 0, 0, 0, 36, 0, 0, 0, 0, 0, 0, 0, 0, 0, 0, 0, 10, 46
"/home/arian/w/real-deal/master-card/backend/cmd/hokm4/gameLoop.go", "Go", 0, 0, 0, 0, 331, 0, 0, 0, 0, 0, 0, 0, 0, 0, 0, 15, 54, 400
"/home/arian/w/real-deal/master-card/backend/cmd/hokm4/gamehelper.go", "Go", 0, 0, 0, 0, 80, 0, 0, 0, 0, 0, 0, 0, 0, 0, 0, 8, 16, 104
"/home/arian/w/real-deal/master-card/backend/cmd/hokm4/http_upgrade.go", "Go", 0, 0, 0, 0, 55, 0, 0, 0, 0, 0, 0, 0, 0, 0, 0, 1, 10, 66
"/home/arian/w/real-deal/master-card/backend/cmd/hokm4/main.go", "Go", 0, 0, 0, 0, 29, 0, 0, 0, 0, 0, 0, 0, 0, 0, 0, 0, 9, 38
"/home/arian/w/real-deal/master-card/backend/cmd/hokm4/routes.go", "Go", 0, 0, 0, 0, 16, 0, 0, 0, 0, 0, 0, 0, 0, 0, 0, 2, 8, 26
"/home/arian/w/real-deal/master-card/backend/cmd/hokm4/structs.go", "Go", 0, 0, 0, 0, 115, 0, 0, 0, 0, 0, 0, 0, 0, 0, 0, 10, 33, 158
"/home/arian/w/real-deal/master-card/backend/cmd/user/http_handlers.go", "Go", 0, 0, 0, 0, 233, 0, 0, 0, 0, 0, 0, 0, 0, 0, 0, 3, 48, 284
"/home/arian/w/real-deal/master-card/backend/cmd/user/main.go", "Go", 0, 0, 0, 0, 30, 0, 0, 0, 0, 0, 0, 0, 0, 0, 0, 0, 8, 38
"/home/arian/w/real-deal/master-card/backend/cmd/user/routes.go", "Go", 0, 0, 0, 0, 24, 0, 0, 0, 0, 0, 0, 0, 0, 0, 0, 3, 10, 37
"/home/arian/w/real-deal/master-card/backend/db/hokm4_query.sql", "MS SQL", 0, 0, 0, 0, 0, 0, 7, 0, 0, 0, 0, 0, 0, 0, 0, 7, 7, 21
"/home/arian/w/real-deal/master-card/backend/db/person_query.sql", "MS SQL", 0, 0, 0, 0, 0, 0, 14, 0, 0, 0, 0, 0, 0, 0, 0, 4, 5, 23
"/home/arian/w/real-deal/master-card/backend/db/schema.sql", "MS SQL", 0, 0, 0, 0, 0, 0, 42, 0, 0, 0, 0, 0, 0, 0, 0, 1, 12, 55
"/home/arian/w/real-deal/master-card/backend/db/version_query.sql", "MS SQL", 0, 0, 0, 0, 0, 0, 5, 0, 0, 0, 0, 0, 0, 0, 0, 3, 2, 10
"/home/arian/w/real-deal/master-card/backend/docker-compose.yml", "YAML", 13, 0, 0, 0, 0, 0, 0, 0, 0, 0, 0, 0, 0, 0, 0, 0, 2, 15
"/home/arian/w/real-deal/master-card/backend/go.mod", "Go Module File", 0, 0, 0, 0, 0, 0, 0, 35, 0, 0, 0, 0, 0, 0, 0, 0, 4, 39
"/home/arian/w/real-deal/master-card/backend/go.sum", "Go Checksum File", 0, 0, 0, 0, 0, 72, 0, 0, 0, 0, 0, 0, 0, 0, 0, 0, 1, 73
"/home/arian/w/real-deal/master-card/backend/internal/card/card.go", "Go", 0, 0, 0, 0, 114, 0, 0, 0, 0, 0, 0, 0, 0, 0, 0, 2, 16, 132
"/home/arian/w/real-deal/master-card/backend/internal/dbconf/dbconf.go", "Go", 0, 0, 0, 0, 19, 0, 0, 0, 0, 0, 0, 0, 0, 0, 0, 0, 7, 26
"/home/arian/w/real-deal/master-card/backend/internal/password/hash.go", "Go", 0, 0, 0, 0, 24, 0, 0, 0, 0, 0, 0, 0, 0, 0, 0, 0, 7, 31
"/home/arian/w/real-deal/master-card/backend/internal/request/json.go", "Go", 0, 0, 0, 0, 56, 0, 0, 0, 0, 0, 0, 0, 0, 0, 0, 0, 18, 74
"/home/arian/w/real-deal/master-card/backend/internal/response/json.go", "Go", 0, 0, 0, 0, 22, 0, 0, 0, 0, 0, 0, 0, 0, 0, 0, 0, 8, 30
"/home/arian/w/real-deal/master-card/backend/internal/server/CommonGlobal.go", "Go", 0, 0, 0, 0, 71, 0, 0, 0, 0, 0, 0, 0, 0, 0, 0, 7, 19, 97
"/home/arian/w/real-deal/master-card/backend/internal/server/errors.go", "Go", 0, 0, 0, 0, 66, 0, 0, 0, 0, 0, 0, 0, 0, 0, 0, 4, 17, 87
"/home/arian/w/real-deal/master-card/backend/internal/server/helpers.go", "Go", 0, 0, 0, 0, 18, 0, 0, 0, 0, 0, 0, 0, 0, 0, 0, 2, 6, 26
"/home/arian/w/real-deal/master-card/backend/internal/server/middleware.go", "Go", 0, 0, 0, 0, 95, 0, 0, 0, 0, 0, 0, 0, 0, 0, 0, 0, 20, 115
"/home/arian/w/real-deal/master-card/backend/internal/server/server.go", "Go", 0, 0, 0, 0, 50, 0, 0, 0, 0, 0, 0, 0, 0, 0, 0, 0, 15, 65
"/home/arian/w/real-deal/master-card/backend/internal/server/user_context.go", "Go", 0, 0, 0, 0, 21, 0, 0, 0, 0, 0, 0, 0, 0, 0, 0, 0, 8, 29
"/home/arian/w/real-deal/master-card/backend/internal/socket/client.go", "Go", 0, 0, 0, 0, 81, 0, 0, 0, 0, 0, 0, 0, 0, 0, 0, 5, 18, 104
"/home/arian/w/real-deal/master-card/backend/internal/socket/event.go", "Go", 0, 0, 0, 0, 29, 0, 0, 0, 0, 0, 0, 0, 0, 0, 0, 0, 6, 35
"/home/arian/w/real-deal/master-card/backend/internal/socket/types.go", "Go", 0, 0, 0, 0, 22, 0, 0, 0, 0, 0, 0, 0, 0, 0, 0, 1, 7, 30
"/home/arian/w/real-deal/master-card/backend/internal/socket/upgrader.go", "Go", 0, 0, 0, 0, 10, 0, 0, 0, 0, 0, 0, 0, 0, 0, 0, 0, 4, 14
"/home/arian/w/real-deal/master-card/backend/internal/utils/rand.go", "Go", 0, 0, 0, 0, 10, 0, 0, 0, 0, 0, 0, 0, 0, 0, 0, 0, 4, 14
"/home/arian/w/real-deal/master-card/backend/internal/validator/helpers.go", "Go", 0, 0, 0, 0, 66, 0, 0, 0, 0, 0, 0, 0, 0, 0, 0, 3, 18, 87
"/home/arian/w/real-deal/master-card/backend/internal/validator/validator.go", "Go", 0, 0, 0, 0, 32, 0, 0, 0, 0, 0, 0, 0, 0, 0, 0, 0, 9, 41
"/home/arian/w/real-deal/master-card/backend/internal/version/version.go", "Go", 0, 0, 0, 0, 42, 0, 0, 0, 0, 0, 0, 0, 0, 0, 0, 0, 11, 53
"/home/arian/w/real-deal/master-card/backend/sqlc.yaml", "YAML", 14, 0, 0, 0, 0, 0, 0, 0, 0, 0, 0, 0, 0, 0, 0, 0, 0, 14
"/home/arian/w/real-deal/master-card/backend/sqldb/db.go", "Go", 0, 0, 0, 0, 22, 0, 0, 0, 0, 0, 0, 0, 0, 0, 0, 3, 8, 33
"/home/arian/w/real-deal/master-card/backend/sqldb/hokm4_query.sql.go", "Go", 0, 0, 0, 0, 96, 0, 0, 0, 0, 0, 0, 0, 0, 0, 0, 4, 24, 124
"/home/arian/w/real-deal/master-card/backend/sqldb/models.go", "Go", 0, 0, 0, 0, 41, 0, 0, 0, 0, 0, 0, 0, 0, 0, 0, 3, 9, 53
"/home/arian/w/real-deal/master-card/backend/sqldb/person_query.sql.go", "Go", 0, 0, 0, 0, 82, 0, 0, 0, 0, 0, 0, 0, 0, 0, 0, 4, 14, 100
"/home/arian/w/real-deal/master-card/backend/sqldb/version_query.sql.go", "Go", 0, 0, 0, 0, 41, 0, 0, 0, 0, 0, 0, 0, 0, 0, 0, 4, 11, 56
"/home/arian/w/real-deal/master-card/backend/tools/gos3/main.go", "Go", 0, 0, 0, 0, 143, 0, 0, 0, 0, 0, 0, 0, 0, 0, 0, 30, 32, 205
"/home/arian/w/real-deal/master-card/backend/tools/gos3/s3_helpers.go", "Go", 0, 0, 0, 0, 51, 0, 0, 0, 0, 0, 0, 0, 0, 0, 0, 10, 14, 75
"/home/arian/w/real-deal/master-card/game/GameContent/Componets/ShadowTextureComponent.gd", "GDScript", 0, 0, 0, 0, 0, 0, 0, 0, 0, 11, 0, 0, 0, 0, 0, 0, 5, 16
"/home/arian/w/real-deal/master-card/game/GameContent/Componets/SwingComponent.gd", "GDScript", 0, 0, 0, 0, 0, 0, 0, 0, 0, 18, 0, 0, 0, 0, 0, 0, 8, 26
"/home/arian/w/real-deal/master-card/game/GameContent/Netw/JsonClassConverter.gd", "GDScript", 0, 0, 0, 0, 0, 0, 0, 0, 0, 254, 0, 0, 0, 0, 0, 60, 33, 347
"/home/arian/w/real-deal/master-card/game/GameContent/Netw/KAccount.gd", "GDScript", 0, 0, 0, 0, 0, 0, 0, 0, 0, 72, 0, 0, 0, 0, 0, 6, 25, 103
"/home/arian/w/real-deal/master-card/game/GameContent/Netw/KEvent.gd", "GDScript", 0, 0, 0, 0, 0, 0, 0, 0, 0, 35, 0, 0, 0, 0, 0, 1, 12, 48
"/home/arian/w/real-deal/master-card/game/GameContent/Netw/Katana.gd", "GDScript", 0, 0, 0, 0, 0, 0, 0, 0, 0, 4, 0, 0, 0, 0, 0, 2, 6, 12
"/home/arian/w/real-deal/master-card/game/GameContent/Netw/KatanaSocket.gd", "GDScript", 0, 0, 0, 0, 0, 0, 0, 0, 0, 61, 0, 0, 0, 0, 0, 12, 21, 94
"/home/arian/w/real-deal/master-card/game/GameContent/Scenes/ErrorBoard/error_board.gd", "GDScript", 0, 0, 0, 0, 0, 0, 0, 0, 0, 31, 0, 0, 0, 0, 0, 0, 11, 42
"/home/arian/w/real-deal/master-card/game/GameContent/Scenes/ErrorBoard/error_board.tscn", "GDScene", 0, 0, 0, 0, 0, 0, 0, 0, 0, 0, 19, 0, 0, 0, 0, 0, 4, 23
"/home/arian/w/real-deal/master-card/game/GameContent/Scenes/ErrorBoard/error_row_container.gd", "GDScript", 0, 0, 0, 0, 0, 0, 0, 0, 0, 3, 0, 0, 0, 0, 0, 0, 1, 4
"/home/arian/w/real-deal/master-card/game/GameContent/Scenes/ErrorBoard/error_row_container.tscn", "GDScene", 0, 0, 0, 0, 0, 0, 0, 0, 0, 0, 23, 0, 0, 0, 0, 0, 5, 28
"/home/arian/w/real-deal/master-card/game/GameContent/Scenes/Game/Card/2d_prespective.gdshader", "gdshader", 0, 0, 0, 0, 0, 0, 0, 0, 0, 0, 0, 0, 0, 36, 0, 8, 12, 56
"/home/arian/w/real-deal/master-card/game/GameContent/Scenes/Game/Card/card.gd", "GDScript", 0, 0, 0, 0, 0, 0, 0, 0, 0, 86, 0, 0, 0, 0, 0, 3, 32, 121
"/home/arian/w/real-deal/master-card/game/GameContent/Scenes/Game/Card/card.tscn", "GDScene", 0, 0, 0, 0, 0, 0, 0, 0, 0, 0, 71, 0, 0, 0, 0, 0, 11, 82
"/home/arian/w/real-deal/master-card/game/GameContent/Scenes/Game/Card/drawn_cards.gd", "GDScript", 0, 0, 0, 0, 0, 0, 0, 0, 0, 164, 0, 0, 0, 0, 0, 16, 75, 255
"/home/arian/w/real-deal/master-card/game/GameContent/Scenes/Game/Card/game_test.tscn", "GDScene", 0, 0, 0, 0, 0, 0, 0, 0, 0, 0, 106, 0, 0, 0, 0, 0, 17, 123
"/home/arian/w/real-deal/master-card/game/GameContent/Scenes/Game/Card/shader_script.gd", "GDScript", 0, 0, 0, 0, 0, 0, 0, 0, 0, 25, 0, 0, 0, 0, 0, 1, 8, 34
"/home/arian/w/real-deal/master-card/game/GameContent/Scenes/Game/ChooseHokm/choose_hokm.gd", "GDScript", 0, 0, 0, 0, 0, 0, 0, 0, 0, 10, 0, 0, 0, 0, 0, 0, 10, 20
"/home/arian/w/real-deal/master-card/game/GameContent/Scenes/Game/ChooseHokm/choose_hokm.tscn", "GDScene", 0, 0, 0, 0, 0, 0, 0, 0, 0, 0, 42, 0, 0, 0, 0, 0, 9, 51
"/home/arian/w/real-deal/master-card/game/GameContent/Scenes/Game/Hokm4/OfflineHokm4.tscn", "GDScene", 0, 0, 0, 0, 0, 0, 0, 0, 0, 0, 375, 0, 0, 0, 0, 0, 39, 414
"/home/arian/w/real-deal/master-card/game/GameContent/Scenes/Game/Hokm4/OnlineHokm4.tscn", "GDScene", 0, 0, 0, 0, 0, 0, 0, 0, 0, 0, 411, 0, 0, 0, 0, 0, 46, 457
"/home/arian/w/real-deal/master-card/game/GameContent/Scenes/Game/Hokm4/States/ChooseHokm.gd", "GDScript", 0, 0, 0, 0, 0, 0, 0, 0, 0, 34, 0, 0, 0, 0, 0, 3, 13, 50
"/home/arian/w/real-deal/master-card/game/GameContent/Scenes/Game/Hokm4/States/ConnectingState.gd", "GDScript", 0, 0, 0, 0, 0, 0, 0, 0, 0, 10, 0, 0, 0, 0, 0, 0, 4, 14
"/home/arian/w/real-deal/master-card/game/GameContent/Scenes/Game/Hokm4/States/MatchMaking.gd", "GDScript", 0, 0, 0, 0, 0, 0, 0, 0, 0, 17, 0, 0, 0, 0, 0, 0, 7, 24
"/home/arian/w/real-deal/master-card/game/GameContent/Scenes/Game/Hokm4/States/NewTrickState.gd", "GDScript", 0, 0, 0, 0, 0, 0, 0, 0, 0, 17, 0, 0, 0, 0, 0, 0, 7, 24
"/home/arian/w/real-deal/master-card/game/GameContent/Scenes/Game/Hokm4/States/game_turn.gd", "GDScript", 0, 0, 0, 0, 0, 0, 0, 0, 0, 51, 0, 0, 0, 0, 0, 0, 23, 74
"/home/arian/w/real-deal/master-card/game/GameContent/Scenes/Game/Hokm4/TrickScore.gd", "GDScript", 0, 0, 0, 0, 0, 0, 0, 0, 0, 19, 0, 0, 0, 0, 0, 0, 8, 27
"/home/arian/w/real-deal/master-card/game/GameContent/Scenes/Game/Hokm4/TurnScores.gd", "GDScript", 0, 0, 0, 0, 0, 0, 0, 0, 0, 19, 0, 0, 0, 0, 0, 0, 8, 27
"/home/arian/w/real-deal/master-card/game/GameContent/Scenes/Game/Hokm4/canvas_game_tic_2.gd", "GDScript", 0, 0, 0, 0, 0, 0, 0, 0, 0, 3, 0, 0, 0, 0, 0, 0, 2, 5
"/home/arian/w/real-deal/master-card/game/GameContent/Scenes/Game/Hokm4/offline_hokm_4.gd", "GDScript", 0, 0, 0, 0, 0, 0, 0, 0, 0, 8, 0, 0, 0, 0, 0, 0, 3, 11
"/home/arian/w/real-deal/master-card/game/GameContent/Scenes/Game/Hokm4/table.gd", "GDScript", 0, 0, 0, 0, 0, 0, 0, 0, 0, 57, 0, 0, 0, 0, 0, 5, 17, 79
"/home/arian/w/real-deal/master-card/game/GameContent/Scenes/Game/Types/CardData.gd", "GDScript", 0, 0, 0, 0, 0, 0, 0, 0, 0, 9, 0, 0, 0, 0, 0, 0, 3, 12
"/home/arian/w/real-deal/master-card/game/GameContent/Scenes/Game/Types/CardPlayed.gd", "GDScript", 0, 0, 0, 0, 0, 0, 0, 0, 0, 3, 0, 0, 0, 0, 0, 0, 2, 5
"/home/arian/w/real-deal/master-card/game/GameContent/Scenes/Game/Types/GameData.gd", "GDScript", 0, 0, 0, 0, 0, 0, 0, 0, 0, 11, 0, 0, 0, 0, 0, 0, 5, 16
"/home/arian/w/real-deal/master-card/game/GameContent/Scenes/Game/Types/PlayerData.gd", "GDScript", 0, 0, 0, 0, 0, 0, 0, 0, 0, 3, 0, 0, 0, 0, 0, 0, 4, 7
"/home/arian/w/real-deal/master-card/game/GameContent/Scenes/Game/Types/TrickData.gd", "GDScript", 0, 0, 0, 0, 0, 0, 0, 0, 0, 6, 0, 0, 0, 0, 0, 0, 4, 10
"/home/arian/w/real-deal/master-card/game/GameContent/Scenes/Game/Types/TurnData.gd", "GDScript", 0, 0, 0, 0, 0, 0, 0, 0, 0, 2, 0, 0, 0, 0, 0, 0, 1, 3
"/home/arian/w/real-deal/master-card/game/GameContent/Scenes/Loading/loading.tscn", "GDScene", 0, 0, 0, 0, 0, 0, 0, 0, 0, 0, 15, 0, 0, 0, 0, 0, 4, 19
"/home/arian/w/real-deal/master-card/game/GameContent/Scenes/Loading/loading_canvas.gd", "GDScript", 0, 0, 0, 0, 0, 0, 0, 0, 0, 6, 0, 0, 0, 0, 0, 0, 3, 9
"/home/arian/w/real-deal/master-card/game/GameContent/Scenes/LoginPanel/LoginPanel.tscn", "GDScene", 0, 0, 0, 0, 0, 0, 0, 0, 0, 0, 45, 0, 0, 0, 0, 0, 11, 56
"/home/arian/w/real-deal/master-card/game/GameContent/Scenes/LoginPanel/login_panel.gd", "GDScript", 0, 0, 0, 0, 0, 0, 0, 0, 0, 67, 0, 0, 0, 0, 0, 0, 21, 88
"/home/arian/w/real-deal/master-card/game/GameContent/Scenes/MainMenu/MainMenu.tscn", "GDScene", 0, 0, 0, 0, 0, 0, 0, 0, 0, 0, 84, 0, 0, 0, 0, 0, 10, 94
"/home/arian/w/real-deal/master-card/game/GameContent/Scenes/MainMenu/UserData/user_data.gd", "GDScript", 0, 0, 0, 0, 0, 0, 0, 0, 0, 4, 0, 0, 0, 0, 0, 0, 3, 7
"/home/arian/w/real-deal/master-card/game/GameContent/Scenes/MainMenu/main_menu.gd", "GDScript", 0, 0, 0, 0, 0, 0, 0, 0, 0, 17, 0, 0, 0, 0, 0, 0, 6, 23
"/home/arian/w/real-deal/master-card/game/GameContent/Scenes/MainMenu/main_menu_canvas.gd", "GDScript", 0, 0, 0, 0, 0, 0, 0, 0, 0, 3, 0, 0, 0, 0, 0, 0, 3, 6
"/home/arian/w/real-deal/master-card/game/GameContent/Scenes/SceneManager/CheckErrors.gd", "GDScript", 0, 0, 0, 0, 0, 0, 0, 0, 0, 40, 0, 0, 0, 0, 0, 19, 14, 73
"/home/arian/w/real-deal/master-card/game/GameContent/Scenes/SceneManager/SceneManager.tscn", "GDScene", 0, 0, 0, 0, 0, 0, 0, 0, 0, 0, 64, 0, 0, 0, 0, 0, 12, 76
"/home/arian/w/real-deal/master-card/game/GameContent/Scenes/SceneManager/scene_level_base.gd", "GDScript", 0, 0, 0, 0, 0, 0, 0, 0, 0, 10, 0, 0, 0, 0, 0, 0, 6, 16
"/home/arian/w/real-deal/master-card/game/GameContent/Scenes/SceneManager/scene_manager.gd", "GDScript", 0, 0, 0, 0, 0, 0, 0, 0, 0, 42, 0, 0, 0, 0, 0, 3, 19, 64
"/home/arian/w/real-deal/master-card/game/GameContent/Scenes/States/State.gd", "GDScript", 0, 0, 0, 0, 0, 0, 0, 0, 0, 12, 0, 0, 0, 0, 0, 0, 6, 18
"/home/arian/w/real-deal/master-card/game/GameContent/Scenes/States/state_machine.gd", "GDScript", 0, 0, 0, 0, 0, 0, 0, 0, 0, 31, 0, 0, 0, 0, 0, 0, 12, 43
"/home/arian/w/real-deal/master-card/game/GameContent/assets/card-assets/1.2 Poker cards.png.import", "GDResource", 0, 0, 0, 0, 0, 0, 0, 0, 29, 0, 0, 0, 0, 0, 0, 0, 6, 35
"/home/arian/w/real-deal/master-card/game/GameContent/assets/card-assets/Deck of cards ( full cards ).png.import", "GDResource", 0, 0, 0, 0, 0, 0, 0, 0, 29, 0, 0, 0, 0, 0, 0, 0, 6, 35
"/home/arian/w/real-deal/master-card/game/GameContent/assets/card-assets/fiches addon (Poker Cards).png.import", "GDResource", 0, 0, 0, 0, 0, 0, 0, 0, 29, 0, 0, 0, 0, 0, 0, 0, 6, 35
"/home/arian/w/real-deal/master-card/game/GameContent/assets/card-assets/minicards.png.import", "GDResource", 0, 0, 0, 0, 0, 0, 0, 0, 29, 0, 0, 0, 0, 0, 0, 0, 6, 35
"/home/arian/w/real-deal/master-card/game/GameContent/assets/cards/10.1.png.import", "GDResource", 0, 0, 0, 0, 0, 0, 0, 0, 29, 0, 0, 0, 0, 0, 0, 0, 6, 35
"/home/arian/w/real-deal/master-card/game/GameContent/assets/cards/10.2.png.import", "GDResource", 0, 0, 0, 0, 0, 0, 0, 0, 29, 0, 0, 0, 0, 0, 0, 0, 6, 35
"/home/arian/w/real-deal/master-card/game/GameContent/assets/cards/10.3.png.import", "GDResource", 0, 0, 0, 0, 0, 0, 0, 0, 29, 0, 0, 0, 0, 0, 0, 0, 6, 35
"/home/arian/w/real-deal/master-card/game/GameContent/assets/cards/10.4.png.import", "GDResource", 0, 0, 0, 0, 0, 0, 0, 0, 29, 0, 0, 0, 0, 0, 0, 0, 6, 35
"/home/arian/w/real-deal/master-card/game/GameContent/assets/cards/10.5.png.import", "GDResource", 0, 0, 0, 0, 0, 0, 0, 0, 29, 0, 0, 0, 0, 0, 0, 0, 6, 35
"/home/arian/w/real-deal/master-card/game/GameContent/assets/cards/10.6.png.import", "GDResource", 0, 0, 0, 0, 0, 0, 0, 0, 29, 0, 0, 0, 0, 0, 0, 0, 6, 35
"/home/arian/w/real-deal/master-card/game/GameContent/assets/cards/10.7.png.import", "GDResource", 0, 0, 0, 0, 0, 0, 0, 0, 29, 0, 0, 0, 0, 0, 0, 0, 6, 35
"/home/arian/w/real-deal/master-card/game/GameContent/assets/cards/10.8.png.import", "GDResource", 0, 0, 0, 0, 0, 0, 0, 0, 29, 0, 0, 0, 0, 0, 0, 0, 6, 35
"/home/arian/w/real-deal/master-card/game/GameContent/assets/cards/2.1.png.import", "GDResource", 0, 0, 0, 0, 0, 0, 0, 0, 29, 0, 0, 0, 0, 0, 0, 0, 6, 35
"/home/arian/w/real-deal/master-card/game/GameContent/assets/cards/2.2.png.import", "GDResource", 0, 0, 0, 0, 0, 0, 0, 0, 29, 0, 0, 0, 0, 0, 0, 0, 6, 35
"/home/arian/w/real-deal/master-card/game/GameContent/assets/cards/2.3.png.import", "GDResource", 0, 0, 0, 0, 0, 0, 0, 0, 29, 0, 0, 0, 0, 0, 0, 0, 6, 35
"/home/arian/w/real-deal/master-card/game/GameContent/assets/cards/2.4.png.import", "GDResource", 0, 0, 0, 0, 0, 0, 0, 0, 29, 0, 0, 0, 0, 0, 0, 0, 6, 35
"/home/arian/w/real-deal/master-card/game/GameContent/assets/cards/2.5.png.import", "GDResource", 0, 0, 0, 0, 0, 0, 0, 0, 29, 0, 0, 0, 0, 0, 0, 0, 6, 35
"/home/arian/w/real-deal/master-card/game/GameContent/assets/cards/2.6.png.import", "GDResource", 0, 0, 0, 0, 0, 0, 0, 0, 29, 0, 0, 0, 0, 0, 0, 0, 6, 35
"/home/arian/w/real-deal/master-card/game/GameContent/assets/cards/2.7.png.import", "GDResource", 0, 0, 0, 0, 0, 0, 0, 0, 29, 0, 0, 0, 0, 0, 0, 0, 6, 35
"/home/arian/w/real-deal/master-card/game/GameContent/assets/cards/2.8.png.import", "GDResource", 0, 0, 0, 0, 0, 0, 0, 0, 29, 0, 0, 0, 0, 0, 0, 0, 6, 35
"/home/arian/w/real-deal/master-card/game/GameContent/assets/cards/3.1.png.import", "GDResource", 0, 0, 0, 0, 0, 0, 0, 0, 29, 0, 0, 0, 0, 0, 0, 0, 6, 35
"/home/arian/w/real-deal/master-card/game/GameContent/assets/cards/3.2.png.import", "GDResource", 0, 0, 0, 0, 0, 0, 0, 0, 29, 0, 0, 0, 0, 0, 0, 0, 6, 35
"/home/arian/w/real-deal/master-card/game/GameContent/assets/cards/3.3.png.import", "GDResource", 0, 0, 0, 0, 0, 0, 0, 0, 29, 0, 0, 0, 0, 0, 0, 0, 6, 35
"/home/arian/w/real-deal/master-card/game/GameContent/assets/cards/3.4.png.import", "GDResource", 0, 0, 0, 0, 0, 0, 0, 0, 29, 0, 0, 0, 0, 0, 0, 0, 6, 35
"/home/arian/w/real-deal/master-card/game/GameContent/assets/cards/3.5.png.import", "GDResource", 0, 0, 0, 0, 0, 0, 0, 0, 29, 0, 0, 0, 0, 0, 0, 0, 6, 35
"/home/arian/w/real-deal/master-card/game/GameContent/assets/cards/3.6.png.import", "GDResource", 0, 0, 0, 0, 0, 0, 0, 0, 29, 0, 0, 0, 0, 0, 0, 0, 6, 35
"/home/arian/w/real-deal/master-card/game/GameContent/assets/cards/3.7.png.import", "GDResource", 0, 0, 0, 0, 0, 0, 0, 0, 29, 0, 0, 0, 0, 0, 0, 0, 6, 35
"/home/arian/w/real-deal/master-card/game/GameContent/assets/cards/3.8.png.import", "GDResource", 0, 0, 0, 0, 0, 0, 0, 0, 29, 0, 0, 0, 0, 0, 0, 0, 6, 35
"/home/arian/w/real-deal/master-card/game/GameContent/assets/cards/4.1.png.import", "GDResource", 0, 0, 0, 0, 0, 0, 0, 0, 29, 0, 0, 0, 0, 0, 0, 0, 6, 35
"/home/arian/w/real-deal/master-card/game/GameContent/assets/cards/4.2.png.import", "GDResource", 0, 0, 0, 0, 0, 0, 0, 0, 29, 0, 0, 0, 0, 0, 0, 0, 6, 35
"/home/arian/w/real-deal/master-card/game/GameContent/assets/cards/4.3.png.import", "GDResource", 0, 0, 0, 0, 0, 0, 0, 0, 29, 0, 0, 0, 0, 0, 0, 0, 6, 35
"/home/arian/w/real-deal/master-card/game/GameContent/assets/cards/4.4.png.import", "GDResource", 0, 0, 0, 0, 0, 0, 0, 0, 29, 0, 0, 0, 0, 0, 0, 0, 6, 35
"/home/arian/w/real-deal/master-card/game/GameContent/assets/cards/4.5.png.import", "GDResource", 0, 0, 0, 0, 0, 0, 0, 0, 29, 0, 0, 0, 0, 0, 0, 0, 6, 35
"/home/arian/w/real-deal/master-card/game/GameContent/assets/cards/4.6.png.import", "GDResource", 0, 0, 0, 0, 0, 0, 0, 0, 29, 0, 0, 0, 0, 0, 0, 0, 6, 35
"/home/arian/w/real-deal/master-card/game/GameContent/assets/cards/4.7.png.import", "GDResource", 0, 0, 0, 0, 0, 0, 0, 0, 29, 0, 0, 0, 0, 0, 0, 0, 6, 35
"/home/arian/w/real-deal/master-card/game/GameContent/assets/cards/4.8.png.import", "GDResource", 0, 0, 0, 0, 0, 0, 0, 0, 29, 0, 0, 0, 0, 0, 0, 0, 6, 35
"/home/arian/w/real-deal/master-card/game/GameContent/assets/cards/5.1.png.import", "GDResource", 0, 0, 0, 0, 0, 0, 0, 0, 29, 0, 0, 0, 0, 0, 0, 0, 6, 35
"/home/arian/w/real-deal/master-card/game/GameContent/assets/cards/5.2.png.import", "GDResource", 0, 0, 0, 0, 0, 0, 0, 0, 29, 0, 0, 0, 0, 0, 0, 0, 6, 35
"/home/arian/w/real-deal/master-card/game/GameContent/assets/cards/5.3.png.import", "GDResource", 0, 0, 0, 0, 0, 0, 0, 0, 29, 0, 0, 0, 0, 0, 0, 0, 6, 35
"/home/arian/w/real-deal/master-card/game/GameContent/assets/cards/5.4.png.import", "GDResource", 0, 0, 0, 0, 0, 0, 0, 0, 29, 0, 0, 0, 0, 0, 0, 0, 6, 35
"/home/arian/w/real-deal/master-card/game/GameContent/assets/cards/5.5.png.import", "GDResource", 0, 0, 0, 0, 0, 0, 0, 0, 29, 0, 0, 0, 0, 0, 0, 0, 6, 35
"/home/arian/w/real-deal/master-card/game/GameContent/assets/cards/5.6.png.import", "GDResource", 0, 0, 0, 0, 0, 0, 0, 0, 29, 0, 0, 0, 0, 0, 0, 0, 6, 35
"/home/arian/w/real-deal/master-card/game/GameContent/assets/cards/5.7.png.import", "GDResource", 0, 0, 0, 0, 0, 0, 0, 0, 29, 0, 0, 0, 0, 0, 0, 0, 6, 35
"/home/arian/w/real-deal/master-card/game/GameContent/assets/cards/5.8.png.import", "GDResource", 0, 0, 0, 0, 0, 0, 0, 0, 29, 0, 0, 0, 0, 0, 0, 0, 6, 35
"/home/arian/w/real-deal/master-card/game/GameContent/assets/cards/6.1.png.import", "GDResource", 0, 0, 0, 0, 0, 0, 0, 0, 29, 0, 0, 0, 0, 0, 0, 0, 6, 35
"/home/arian/w/real-deal/master-card/game/GameContent/assets/cards/6.2.png.import", "GDResource", 0, 0, 0, 0, 0, 0, 0, 0, 29, 0, 0, 0, 0, 0, 0, 0, 6, 35
"/home/arian/w/real-deal/master-card/game/GameContent/assets/cards/6.3.png.import", "GDResource", 0, 0, 0, 0, 0, 0, 0, 0, 29, 0, 0, 0, 0, 0, 0, 0, 6, 35
"/home/arian/w/real-deal/master-card/game/GameContent/assets/cards/6.4.png.import", "GDResource", 0, 0, 0, 0, 0, 0, 0, 0, 29, 0, 0, 0, 0, 0, 0, 0, 6, 35
"/home/arian/w/real-deal/master-card/game/GameContent/assets/cards/6.5.png.import", "GDResource", 0, 0, 0, 0, 0, 0, 0, 0, 29, 0, 0, 0, 0, 0, 0, 0, 6, 35
"/home/arian/w/real-deal/master-card/game/GameContent/assets/cards/6.6.png.import", "GDResource", 0, 0, 0, 0, 0, 0, 0, 0, 29, 0, 0, 0, 0, 0, 0, 0, 6, 35
"/home/arian/w/real-deal/master-card/game/GameContent/assets/cards/6.7.png.import", "GDResource", 0, 0, 0, 0, 0, 0, 0, 0, 29, 0, 0, 0, 0, 0, 0, 0, 6, 35
"/home/arian/w/real-deal/master-card/game/GameContent/assets/cards/6.8.png.import", "GDResource", 0, 0, 0, 0, 0, 0, 0, 0, 29, 0, 0, 0, 0, 0, 0, 0, 6, 35
"/home/arian/w/real-deal/master-card/game/GameContent/assets/cards/7.1.png.import", "GDResource", 0, 0, 0, 0, 0, 0, 0, 0, 29, 0, 0, 0, 0, 0, 0, 0, 6, 35
"/home/arian/w/real-deal/master-card/game/GameContent/assets/cards/7.2.png.import", "GDResource", 0, 0, 0, 0, 0, 0, 0, 0, 29, 0, 0, 0, 0, 0, 0, 0, 6, 35
"/home/arian/w/real-deal/master-card/game/GameContent/assets/cards/7.3.png.import", "GDResource", 0, 0, 0, 0, 0, 0, 0, 0, 29, 0, 0, 0, 0, 0, 0, 0, 6, 35
"/home/arian/w/real-deal/master-card/game/GameContent/assets/cards/7.4.png.import", "GDResource", 0, 0, 0, 0, 0, 0, 0, 0, 29, 0, 0, 0, 0, 0, 0, 0, 6, 35
"/home/arian/w/real-deal/master-card/game/GameContent/assets/cards/7.5.png.import", "GDResource", 0, 0, 0, 0, 0, 0, 0, 0, 29, 0, 0, 0, 0, 0, 0, 0, 6, 35
"/home/arian/w/real-deal/master-card/game/GameContent/assets/cards/7.6.png.import", "GDResource", 0, 0, 0, 0, 0, 0, 0, 0, 29, 0, 0, 0, 0, 0, 0, 0, 6, 35
"/home/arian/w/real-deal/master-card/game/GameContent/assets/cards/7.7.png.import", "GDResource", 0, 0, 0, 0, 0, 0, 0, 0, 29, 0, 0, 0, 0, 0, 0, 0, 6, 35
"/home/arian/w/real-deal/master-card/game/GameContent/assets/cards/7.8.png.import", "GDResource", 0, 0, 0, 0, 0, 0, 0, 0, 29, 0, 0, 0, 0, 0, 0, 0, 6, 35
"/home/arian/w/real-deal/master-card/game/GameContent/assets/cards/8.1.png.import", "GDResource", 0, 0, 0, 0, 0, 0, 0, 0, 29, 0, 0, 0, 0, 0, 0, 0, 6, 35
"/home/arian/w/real-deal/master-card/game/GameContent/assets/cards/8.2.png.import", "GDResource", 0, 0, 0, 0, 0, 0, 0, 0, 29, 0, 0, 0, 0, 0, 0, 0, 6, 35
"/home/arian/w/real-deal/master-card/game/GameContent/assets/cards/8.3.png.import", "GDResource", 0, 0, 0, 0, 0, 0, 0, 0, 29, 0, 0, 0, 0, 0, 0, 0, 6, 35
"/home/arian/w/real-deal/master-card/game/GameContent/assets/cards/8.4.png.import", "GDResource", 0, 0, 0, 0, 0, 0, 0, 0, 29, 0, 0, 0, 0, 0, 0, 0, 6, 35
"/home/arian/w/real-deal/master-card/game/GameContent/assets/cards/8.5.png.import", "GDResource", 0, 0, 0, 0, 0, 0, 0, 0, 29, 0, 0, 0, 0, 0, 0, 0, 6, 35
"/home/arian/w/real-deal/master-card/game/GameContent/assets/cards/8.6.png.import", "GDResource", 0, 0, 0, 0, 0, 0, 0, 0, 29, 0, 0, 0, 0, 0, 0, 0, 6, 35
"/home/arian/w/real-deal/master-card/game/GameContent/assets/cards/8.7.png.import", "GDResource", 0, 0, 0, 0, 0, 0, 0, 0, 29, 0, 0, 0, 0, 0, 0, 0, 6, 35
"/home/arian/w/real-deal/master-card/game/GameContent/assets/cards/8.8.png.import", "GDResource", 0, 0, 0, 0, 0, 0, 0, 0, 29, 0, 0, 0, 0, 0, 0, 0, 6, 35
"/home/arian/w/real-deal/master-card/game/GameContent/assets/cards/9.1.png.import", "GDResource", 0, 0, 0, 0, 0, 0, 0, 0, 29, 0, 0, 0, 0, 0, 0, 0, 6, 35
"/home/arian/w/real-deal/master-card/game/GameContent/assets/cards/9.2.png.import", "GDResource", 0, 0, 0, 0, 0, 0, 0, 0, 29, 0, 0, 0, 0, 0, 0, 0, 6, 35
"/home/arian/w/real-deal/master-card/game/GameContent/assets/cards/9.3.png.import", "GDResource", 0, 0, 0, 0, 0, 0, 0, 0, 29, 0, 0, 0, 0, 0, 0, 0, 6, 35
"/home/arian/w/real-deal/master-card/game/GameContent/assets/cards/9.4.png.import", "GDResource", 0, 0, 0, 0, 0, 0, 0, 0, 29, 0, 0, 0, 0, 0, 0, 0, 6, 35
"/home/arian/w/real-deal/master-card/game/GameContent/assets/cards/9.5.png.import", "GDResource", 0, 0, 0, 0, 0, 0, 0, 0, 29, 0, 0, 0, 0, 0, 0, 0, 6, 35
"/home/arian/w/real-deal/master-card/game/GameContent/assets/cards/9.6.png.import", "GDResource", 0, 0, 0, 0, 0, 0, 0, 0, 29, 0, 0, 0, 0, 0, 0, 0, 6, 35
"/home/arian/w/real-deal/master-card/game/GameContent/assets/cards/9.7.png.import", "GDResource", 0, 0, 0, 0, 0, 0, 0, 0, 29, 0, 0, 0, 0, 0, 0, 0, 6, 35
"/home/arian/w/real-deal/master-card/game/GameContent/assets/cards/9.8.png.import", "GDResource", 0, 0, 0, 0, 0, 0, 0, 0, 29, 0, 0, 0, 0, 0, 0, 0, 6, 35
"/home/arian/w/real-deal/master-card/game/GameContent/assets/cards/A.1.png.import", "GDResource", 0, 0, 0, 0, 0, 0, 0, 0, 29, 0, 0, 0, 0, 0, 0, 0, 6, 35
"/home/arian/w/real-deal/master-card/game/GameContent/assets/cards/A.2.png.import", "GDResource", 0, 0, 0, 0, 0, 0, 0, 0, 29, 0, 0, 0, 0, 0, 0, 0, 6, 35
"/home/arian/w/real-deal/master-card/game/GameContent/assets/cards/A.3.png.import", "GDResource", 0, 0, 0, 0, 0, 0, 0, 0, 29, 0, 0, 0, 0, 0, 0, 0, 6, 35
"/home/arian/w/real-deal/master-card/game/GameContent/assets/cards/A.4.png.import", "GDResource", 0, 0, 0, 0, 0, 0, 0, 0, 29, 0, 0, 0, 0, 0, 0, 0, 6, 35
"/home/arian/w/real-deal/master-card/game/GameContent/assets/cards/A.5.png.import", "GDResource", 0, 0, 0, 0, 0, 0, 0, 0, 29, 0, 0, 0, 0, 0, 0, 0, 6, 35
"/home/arian/w/real-deal/master-card/game/GameContent/assets/cards/A.6.png.import", "GDResource", 0, 0, 0, 0, 0, 0, 0, 0, 29, 0, 0, 0, 0, 0, 0, 0, 6, 35
"/home/arian/w/real-deal/master-card/game/GameContent/assets/cards/A.7.png.import", "GDResource", 0, 0, 0, 0, 0, 0, 0, 0, 29, 0, 0, 0, 0, 0, 0, 0, 6, 35
"/home/arian/w/real-deal/master-card/game/GameContent/assets/cards/A.8.png.import", "GDResource", 0, 0, 0, 0, 0, 0, 0, 0, 29, 0, 0, 0, 0, 0, 0, 0, 6, 35
"/home/arian/w/real-deal/master-card/game/GameContent/assets/cards/Back1.png.import", "GDResource", 0, 0, 0, 0, 0, 0, 0, 0, 29, 0, 0, 0, 0, 0, 0, 0, 6, 35
"/home/arian/w/real-deal/master-card/game/GameContent/assets/cards/Back2.png.import", "GDResource", 0, 0, 0, 0, 0, 0, 0, 0, 29, 0, 0, 0, 0, 0, 0, 0, 6, 35
"/home/arian/w/real-deal/master-card/game/GameContent/assets/cards/Back3.png.import", "GDResource", 0, 0, 0, 0, 0, 0, 0, 0, 29, 0, 0, 0, 0, 0, 0, 0, 6, 35
"/home/arian/w/real-deal/master-card/game/GameContent/assets/cards/Back4.png.import", "GDResource", 0, 0, 0, 0, 0, 0, 0, 0, 29, 0, 0, 0, 0, 0, 0, 0, 6, 35
"/home/arian/w/real-deal/master-card/game/GameContent/assets/cards/Back5.png.import", "GDResource", 0, 0, 0, 0, 0, 0, 0, 0, 29, 0, 0, 0, 0, 0, 0, 0, 6, 35
"/home/arian/w/real-deal/master-card/game/GameContent/assets/cards/Back6.png.import", "GDResource", 0, 0, 0, 0, 0, 0, 0, 0, 29, 0, 0, 0, 0, 0, 0, 0, 6, 35
"/home/arian/w/real-deal/master-card/game/GameContent/assets/cards/Back7.png.import", "GDResource", 0, 0, 0, 0, 0, 0, 0, 0, 29, 0, 0, 0, 0, 0, 0, 0, 6, 35
"/home/arian/w/real-deal/master-card/game/GameContent/assets/cards/Back8.png.import", "GDResource", 0, 0, 0, 0, 0, 0, 0, 0, 29, 0, 0, 0, 0, 0, 0, 0, 6, 35
"/home/arian/w/real-deal/master-card/game/GameContent/assets/cards/J1.png.import", "GDResource", 0, 0, 0, 0, 0, 0, 0, 0, 29, 0, 0, 0, 0, 0, 0, 0, 6, 35
"/home/arian/w/real-deal/master-card/game/GameContent/assets/cards/J2.png.import", "GDResource", 0, 0, 0, 0, 0, 0, 0, 0, 29, 0, 0, 0, 0, 0, 0, 0, 6, 35
"/home/arian/w/real-deal/master-card/game/GameContent/assets/cards/J3.png.import", "GDResource", 0, 0, 0, 0, 0, 0, 0, 0, 29, 0, 0, 0, 0, 0, 0, 0, 6, 35
"/home/arian/w/real-deal/master-card/game/GameContent/assets/cards/J4.png.import", "GDResource", 0, 0, 0, 0, 0, 0, 0, 0, 29, 0, 0, 0, 0, 0, 0, 0, 6, 35
"/home/arian/w/real-deal/master-card/game/GameContent/assets/cards/J5.png.import", "GDResource", 0, 0, 0, 0, 0, 0, 0, 0, 29, 0, 0, 0, 0, 0, 0, 0, 6, 35
"/home/arian/w/real-deal/master-card/game/GameContent/assets/cards/J6.png.import", "GDResource", 0, 0, 0, 0, 0, 0, 0, 0, 29, 0, 0, 0, 0, 0, 0, 0, 6, 35
"/home/arian/w/real-deal/master-card/game/GameContent/assets/cards/J7.png.import", "GDResource", 0, 0, 0, 0, 0, 0, 0, 0, 29, 0, 0, 0, 0, 0, 0, 0, 6, 35
"/home/arian/w/real-deal/master-card/game/GameContent/assets/cards/J8.png.import", "GDResource", 0, 0, 0, 0, 0, 0, 0, 0, 29, 0, 0, 0, 0, 0, 0, 0, 6, 35
"/home/arian/w/real-deal/master-card/game/GameContent/assets/cards/K1.png.import", "GDResource", 0, 0, 0, 0, 0, 0, 0, 0, 29, 0, 0, 0, 0, 0, 0, 0, 6, 35
"/home/arian/w/real-deal/master-card/game/GameContent/assets/cards/K2.png.import", "GDResource", 0, 0, 0, 0, 0, 0, 0, 0, 29, 0, 0, 0, 0, 0, 0, 0, 6, 35
"/home/arian/w/real-deal/master-card/game/GameContent/assets/cards/K3.png.import", "GDResource", 0, 0, 0, 0, 0, 0, 0, 0, 29, 0, 0, 0, 0, 0, 0, 0, 6, 35
"/home/arian/w/real-deal/master-card/game/GameContent/assets/cards/K4.png.import", "GDResource", 0, 0, 0, 0, 0, 0, 0, 0, 29, 0, 0, 0, 0, 0, 0, 0, 6, 35
"/home/arian/w/real-deal/master-card/game/GameContent/assets/cards/K5.png.import", "GDResource", 0, 0, 0, 0, 0, 0, 0, 0, 29, 0, 0, 0, 0, 0, 0, 0, 6, 35
"/home/arian/w/real-deal/master-card/game/GameContent/assets/cards/K6.png.import", "GDResource", 0, 0, 0, 0, 0, 0, 0, 0, 29, 0, 0, 0, 0, 0, 0, 0, 6, 35
"/home/arian/w/real-deal/master-card/game/GameContent/assets/cards/K7.png.import", "GDResource", 0, 0, 0, 0, 0, 0, 0, 0, 29, 0, 0, 0, 0, 0, 0, 0, 6, 35
"/home/arian/w/real-deal/master-card/game/GameContent/assets/cards/K8.png.import", "GDResource", 0, 0, 0, 0, 0, 0, 0, 0, 29, 0, 0, 0, 0, 0, 0, 0, 6, 35
"/home/arian/w/real-deal/master-card/game/GameContent/assets/cards/Q1.png.import", "GDResource", 0, 0, 0, 0, 0, 0, 0, 0, 29, 0, 0, 0, 0, 0, 0, 0, 6, 35
"/home/arian/w/real-deal/master-card/game/GameContent/assets/cards/Q2.png.import", "GDResource", 0, 0, 0, 0, 0, 0, 0, 0, 29, 0, 0, 0, 0, 0, 0, 0, 6, 35
"/home/arian/w/real-deal/master-card/game/GameContent/assets/cards/Q3.png.import", "GDResource", 0, 0, 0, 0, 0, 0, 0, 0, 29, 0, 0, 0, 0, 0, 0, 0, 6, 35
"/home/arian/w/real-deal/master-card/game/GameContent/assets/cards/Q4.png.import", "GDResource", 0, 0, 0, 0, 0, 0, 0, 0, 29, 0, 0, 0, 0, 0, 0, 0, 6, 35
"/home/arian/w/real-deal/master-card/game/GameContent/assets/cards/Q5.png.import", "GDResource", 0, 0, 0, 0, 0, 0, 0, 0, 29, 0, 0, 0, 0, 0, 0, 0, 6, 35
"/home/arian/w/real-deal/master-card/game/GameContent/assets/cards/Q6.png.import", "GDResource", 0, 0, 0, 0, 0, 0, 0, 0, 29, 0, 0, 0, 0, 0, 0, 0, 6, 35
"/home/arian/w/real-deal/master-card/game/GameContent/assets/cards/Q7.png.import", "GDResource", 0, 0, 0, 0, 0, 0, 0, 0, 29, 0, 0, 0, 0, 0, 0, 0, 6, 35
"/home/arian/w/real-deal/master-card/game/GameContent/assets/cards/Q8.png.import", "GDResource", 0, 0, 0, 0, 0, 0, 0, 0, 29, 0, 0, 0, 0, 0, 0, 0, 6, 35
"/home/arian/w/real-deal/master-card/game/GameContent/assets/icons/home.png.import", "GDResource", 0, 0, 0, 0, 0, 0, 0, 0, 29, 0, 0, 0, 0, 0, 0, 0, 6, 35
"/home/arian/w/real-deal/master-card/game/GameContent/icon.svg", "XML", 0, 0, 0, 0, 0, 0, 0, 0, 0, 0, 0, 0, 1, 0, 0, 0, 0, 1
"/home/arian/w/real-deal/master-card/game/GameContent/icon.svg.import", "GDResource", 0, 0, 0, 0, 0, 0, 0, 0, 32, 0, 0, 0, 0, 0, 0, 0, 6, 38
"/home/arian/w/real-deal/master-card/game/PatchSystem/LoadPatchesScript.gd", "GDScript", 0, 0, 0, 0, 0, 0, 0, 0, 0, 78, 0, 0, 0, 0, 0, 2, 23, 103
"/home/arian/w/real-deal/master-card/game/PatchSystem/loader.tscn", "GDScene", 0, 0, 0, 0, 0, 0, 0, 0, 0, 0, 18, 0, 0, 0, 0, 0, 4, 22
"/home/arian/w/real-deal/master-card/game/export_presets.cfg", "Properties", 0, 0, 0, 0, 0, 0, 0, 0, 0, 0, 0, 467, 0, 0, 0, 0, 12, 479
"/home/arian/w/real-deal/master-card/game/project.godot", "GDResource", 0, 0, 0, 0, 0, 0, 0, 0, 21, 0, 0, 0, 0, 0, 0, 7, 12, 40
"Total", "-", 94, 736, 11850, 2, 2273, 72, 68, 35, 3446, 1353, 1273, 467, 1, 36, 217, 444, 2600, 24967